[
{
    "model": "admin.logentry",
    "pk": 1,
    "fields": {
        "action_time": "2023-08-16T10:28:31.059Z",
        "user": 10,
        "content_type": 23,
        "object_id": "1",
        "object_repr": "SUPERUSER",
        "action_flag": 1,
        "change_message": "[{\"added\": {}}]"
    }
},
{
    "model": "admin.logentry",
    "pk": 2,
    "fields": {
        "action_time": "2023-08-16T10:28:34.621Z",
        "user": 10,
        "content_type": 23,
        "object_id": "2",
        "object_repr": "OWNER",
        "action_flag": 1,
        "change_message": "[{\"added\": {}}]"
    }
},
{
    "model": "admin.logentry",
    "pk": 3,
    "fields": {
        "action_time": "2023-08-16T10:28:38.841Z",
        "user": 10,
        "content_type": 23,
        "object_id": "3",
        "object_repr": "ADMIN",
        "action_flag": 1,
        "change_message": "[{\"added\": {}}]"
    }
},
{
    "model": "admin.logentry",
    "pk": 4,
    "fields": {
        "action_time": "2023-08-16T10:28:48.922Z",
        "user": 10,
        "content_type": 23,
        "object_id": "9",
        "object_repr": "User(onhauyennhi)",
        "action_flag": 2,
        "change_message": "[{\"changed\": {\"fields\": [\"Role\", \"Is verified\"]}}]"
    }
},
{
    "model": "admin.logentry",
    "pk": 5,
    "fields": {
        "action_time": "2023-08-16T10:28:57.305Z",
        "user": 10,
        "content_type": 23,
        "object_id": "10",
        "object_repr": "User(admin)",
        "action_flag": 2,
        "change_message": "[{\"changed\": {\"fields\": [\"Role\", \"Is verified\"]}}]"
    }
},
{
    "model": "sessions.session",
    "pk": "rv6qtx05uxvcs20h6c2oaxztc5lehmi1",
    "fields": {
        "session_data": ".eJxVjEEOwiAQRe_C2hAYWqAu3XsGwgyDVA0kpV0Z765NutDtf-_9lwhxW0vYOi9hTuIstBKn3xEjPbjuJN1jvTVJra7LjHJX5EG7vLbEz8vh_h2U2Mu3xiF7VkaRt5wMjQzZJzPZQY-kDE3grAbwwNllZK1QJwukbMzGIbAX7w8EDzf9:1qWDl4:BYh37Xm3-ZIHKBX61UIf3_bDIKIzBcdUU2afx9y7XeI",
        "expire_date": "2023-08-30T10:28:10.550Z"
    }
},
{
    "model": "sites.site",
    "pk": 1,
    "fields": {
        "domain": "example.com",
        "name": "example.com"
    }
},
{
    "model": "token_blacklist.outstandingtoken",
    "pk": 1,
    "fields": {
        "user": 9,
        "jti": "92b36111ac2245dfb4ad6839892e6614",
        "token": "eyJhbGciOiJIUzI1NiIsInR5cCI6IkpXVCJ9.eyJ0b2tlbl90eXBlIjoicmVmcmVzaCIsImV4cCI6MTY5MjI2Nzg3MiwiaWF0IjoxNjkyMTgxNDcyLCJqdGkiOiI5MmIzNjExMWFjMjI0NWRmYjRhZDY4Mzk4OTJlNjYxNCIsInVzZXJfaWQiOjl9.zDmChCSbPR7SIo0Zx5RLsweCuWMo2r8JLAVbTC8ARFA",
        "created_at": "2023-08-16T10:24:32.735Z",
        "expires_at": "2023-08-17T10:24:32Z"
    }
},
{
    "model": "token_blacklist.outstandingtoken",
    "pk": 2,
    "fields": {
        "user": 9,
        "jti": "03bf1d61a3614ab8ac48a53ffec63655",
        "token": "eyJhbGciOiJIUzI1NiIsInR5cCI6IkpXVCJ9.eyJ0b2tlbl90eXBlIjoicmVmcmVzaCIsImV4cCI6MTY5MjI2ODE0MiwiaWF0IjoxNjkyMTgxNzQyLCJqdGkiOiIwM2JmMWQ2MWEzNjE0YWI4YWM0OGE1M2ZmZWM2MzY1NSIsInVzZXJfaWQiOjl9.3fZwfOqoowelPrMWmxndIn5jULZ7bzqzVWXrDUWw4no",
        "created_at": "2023-08-16T10:29:02.739Z",
        "expires_at": "2023-08-17T10:29:02Z"
    }
},
{
    "model": "token_blacklist.outstandingtoken",
    "pk": 3,
    "fields": {
        "user": 9,
        "jti": "c2a0a77da5fc4d78871019a0e56c8eac",
        "token": "eyJhbGciOiJIUzI1NiIsInR5cCI6IkpXVCJ9.eyJ0b2tlbl90eXBlIjoicmVmcmVzaCIsImV4cCI6MTY5MjMyNDg5MywiaWF0IjoxNjkyMjM4NDkzLCJqdGkiOiJjMmEwYTc3ZGE1ZmM0ZDc4ODcxMDE5YTBlNTZjOGVhYyIsInVzZXJfaWQiOjl9.8mO4KIrsbmSqFC7y-FeASgTGew1hM6VxNfVfDD2Dqho",
        "created_at": "2023-08-17T02:14:53.622Z",
        "expires_at": "2023-08-18T02:14:53Z"
    }
},
{
    "model": "token_blacklist.outstandingtoken",
    "pk": 4,
    "fields": {
        "user": 9,
        "jti": "34deb513492648a98dc6c4f2b816af89",
        "token": "eyJhbGciOiJIUzI1NiIsInR5cCI6IkpXVCJ9.eyJ0b2tlbl90eXBlIjoicmVmcmVzaCIsImV4cCI6MTY5MjMzNTg1MSwiaWF0IjoxNjkyMjQ5NDUxLCJqdGkiOiIzNGRlYjUxMzQ5MjY0OGE5OGRjNmM0ZjJiODE2YWY4OSIsInVzZXJfaWQiOjl9.I-jv8efWzGB9ONEh9tx0Kur72tkWFt-Z44YPuTu9s-s",
        "created_at": "2023-08-17T05:17:31.942Z",
        "expires_at": "2023-08-18T05:17:31Z"
    }
},
{
    "model": "token_blacklist.outstandingtoken",
    "pk": 5,
    "fields": {
        "user": 9,
        "jti": "1a46918858294a688c459900754512c6",
        "token": "eyJhbGciOiJIUzI1NiIsInR5cCI6IkpXVCJ9.eyJ0b2tlbl90eXBlIjoicmVmcmVzaCIsImV4cCI6MTY5MjM0MDQ4MiwiaWF0IjoxNjkyMjU0MDgyLCJqdGkiOiIxYTQ2OTE4ODU4Mjk0YTY4OGM0NTk5MDA3NTQ1MTJjNiIsInVzZXJfaWQiOjl9.i5jjhkzQGRBAIOB0nnfZ4-G2WhX-0XZ1YY41eKz4BXY",
        "created_at": "2023-08-17T06:34:42.086Z",
        "expires_at": "2023-08-18T06:34:42Z"
    }
},
{
    "model": "token_blacklist.outstandingtoken",
    "pk": 6,
    "fields": {
        "user": 9,
        "jti": "28776e5e5a6448f08405bdc3f07a95f5",
        "token": "eyJhbGciOiJIUzI1NiIsInR5cCI6IkpXVCJ9.eyJ0b2tlbl90eXBlIjoicmVmcmVzaCIsImV4cCI6MTY5MjM0MDk0MSwiaWF0IjoxNjkyMjU0NTQxLCJqdGkiOiIyODc3NmU1ZTVhNjQ0OGYwODQwNWJkYzNmMDdhOTVmNSIsInVzZXJfaWQiOjl9.gVMseCj1onSq7jazgxMfhE5yQHUBmJO-WK8FY07oA2c",
        "created_at": "2023-08-17T06:42:21.733Z",
        "expires_at": "2023-08-18T06:42:21Z"
    }
},
{
    "model": "inventory.company",
    "pk": 5,
    "fields": {
        "name": "Golden Owl",
        "first_name": "Nicole",
        "last_name": "On",
        "phone": "0828098274",
        "address": "367 NVL",
        "postal_code": "700000",
        "city": "HCM",
        "district": "2",
        "user": 9
    }
},
{
    "model": "inventory.grouprule",
    "pk": 1,
    "fields": {
        "name": "Group through 3 warehouse",
        "description": "222",
        "user": 9
    }
},
{
    "model": "inventory.grouprule",
    "pk": 5,
    "fields": {
        "name": "Group through 4 warehouse",
        "description": "21",
        "user": 9
    }
},
{
    "model": "inventory.grouprule",
    "pk": 6,
    "fields": {
        "name": "1 step",
        "description": "211",
        "user": 9
    }
},
{
    "model": "inventory.grouprule",
    "pk": 7,
    "fields": {
        "name": "Pick Pack Ship",
        "description": "12",
        "user": 9
    }
},
{
    "model": "inventory.partner",
    "pk": 1,
    "fields": {
        "company_name": "Amazon",
        "contact_name": "Naomi",
        "contact_phone": "0828098274",
        "address": "111 Binh Tri Dong A",
        "postal_code": "012982",
        "city": "Ho Chi Minh",
        "district": "Tan Phu",
        "user": 9
    }
},
{
    "model": "inventory.partner",
    "pk": 2,
    "fields": {
        "company_name": "GO",
        "contact_name": "John",
        "contact_phone": "0903742789",
        "address": "62 Hoang The Thien",
        "postal_code": "29182",
        "city": "Ho Chi Minh",
        "district": "2",
        "user": 9
    }
},
{
    "model": "inventory.partner",
    "pk": 3,
    "fields": {
        "company_name": "Apple",
        "contact_name": "Jessica Johnson",
        "contact_phone": "0939088721",
        "address": "333 Nguyen Van Linh",
        "postal_code": "102982",
        "city": "Ho Chi Minh",
        "district": "7",
        "user": 9
    }
},
{
    "model": "inventory.partner",
    "pk": 4,
    "fields": {
        "company_name": "Tiki",
        "contact_name": "Jennifer Nguyen",
        "contact_phone": "0120345672",
        "address": "333 Hoan Kiem",
        "postal_code": "109211",
        "city": "Hanoi",
        "district": "Hoan Kiem",
        "user": 9
    }
},
{
    "model": "inventory.partner",
    "pk": 5,
    "fields": {
        "company_name": "Samsung",
        "contact_name": "Kelly",
        "contact_phone": "0903755689",
        "address": "33 Hai Phong",
        "postal_code": "0182811",
        "city": "Hai Phong",
        "district": "8",
        "user": 9
    }
},
{
    "model": "inventory.warehouse",
    "pk": 2,
    "fields": {
        "name": "Warehouse Quan 6",
        "address": "367 Nguyen Van Luong",
        "postal_code": "192928",
        "city": "Ho Chi Minh",
        "district": "6",
        "company": 5
    }
},
{
    "model": "inventory.warehouse",
    "pk": 3,
    "fields": {
        "name": "Warehouse Quan 7",
        "address": "255 Nguyen Thi Thap",
        "postal_code": "029181",
        "city": "Ho Chi Minh",
        "district": "7",
        "company": 5
    }
},
{
    "model": "inventory.warehouse",
    "pk": 4,
    "fields": {
        "name": "Warehouse Tan Phu",
        "address": "254 Phan Anh",
        "postal_code": "192822",
        "city": "Ho Chi Minh",
        "district": "Tan Phu",
        "company": 5
    }
},
{
    "model": "inventory.warehouse",
    "pk": 5,
    "fields": {
        "name": "Warehouse Cu Chi",
        "address": "333 Cu Chi street",
        "postal_code": "10299",
        "city": "Ho Chi Minh",
        "district": "Cu Chi",
        "company": 5
    }
},
{
    "model": "inventory.warehouse",
    "pk": 6,
    "fields": {
        "name": "Warehouse Ha Noi",
        "address": "222 Hoan Kiem",
        "postal_code": "028918",
        "city": "Hanoi",
        "district": "Hoan Kiem",
        "company": 5
    }
},
{
    "model": "inventory.warehouse",
    "pk": 7,
    "fields": {
        "name": "Warehouse Quan 5",
        "address": "382 Hong Bang",
        "postal_code": "192811",
        "city": "Ho Chi Minh",
        "district": "5",
        "company": 5
    }
},
{
    "model": "inventory.location",
    "pk": 11,
    "fields": {
        "name": "Warehouse Quan 6/MainLocation",
        "address": "367 Nguyen Van Luong",
        "postal_code": "192928",
        "city": "Ho Chi Minh",
        "district": "6",
        "warehouse": 2,
        "partner": null
    }
},
{
    "model": "inventory.location",
    "pk": 12,
    "fields": {
        "name": "Warehouse Quan 6/External Outcome",
        "address": "",
        "postal_code": "",
        "city": "",
        "district": "",
        "warehouse": 2,
        "partner": null
    }
},
{
    "model": "inventory.location",
    "pk": 13,
    "fields": {
        "name": "Warehouse Quan 7/MainLocation",
        "address": "255 Nguyen Thi Thap",
        "postal_code": "029181",
        "city": "Ho Chi Minh",
        "district": "7",
        "warehouse": 3,
        "partner": null
    }
},
{
    "model": "inventory.location",
    "pk": 14,
    "fields": {
        "name": "Warehouse Quan 7/External Outcome",
        "address": "",
        "postal_code": "",
        "city": "",
        "district": "",
        "warehouse": 3,
        "partner": null
    }
},
{
    "model": "inventory.location",
    "pk": 15,
    "fields": {
        "name": "Warehouse Tan Phu/MainLocation",
        "address": "254 Phan Anh",
        "postal_code": "192822",
        "city": "Ho Chi Minh",
        "district": "Tan Phu",
        "warehouse": 4,
        "partner": null
    }
},
{
    "model": "inventory.location",
    "pk": 16,
    "fields": {
        "name": "Warehouse Tan Phu/External Outcome",
        "address": "62 Hoang The Thien",
        "postal_code": "29182",
        "city": "Ho Chi Minh",
        "district": "2",
        "warehouse": 4,
        "partner": 2
    }
},
{
    "model": "inventory.location",
    "pk": 17,
    "fields": {
        "name": "Warehouse Cu Chi/MainLocation",
        "address": "333 Cu Chi street",
        "postal_code": "10299",
        "city": "Ho Chi Minh",
        "district": "Cu Chi",
        "warehouse": 5,
        "partner": null
    }
},
{
    "model": "inventory.location",
    "pk": 18,
    "fields": {
        "name": "Warehouse Cu Chi/External Outcome",
        "address": "",
        "postal_code": "",
        "city": "",
        "district": "",
        "warehouse": 5,
        "partner": null
    }
},
{
    "model": "inventory.location",
    "pk": 19,
    "fields": {
        "name": "Location/Amazon",
        "address": "111 Binh Tri Dong A",
        "postal_code": "012982",
        "city": "Ho Chi Minh",
        "district": "Tan Phu",
        "warehouse": null,
        "partner": 1
    }
},
{
    "model": "inventory.location",
    "pk": 20,
    "fields": {
        "name": "Location/GO",
        "address": "62 Hoang The Thien",
        "postal_code": "29182",
        "city": "Ho Chi Minh",
        "district": "2",
        "warehouse": null,
        "partner": 2
    }
},
{
    "model": "inventory.location",
    "pk": 21,
    "fields": {
        "name": "Location/Apple",
        "address": "333 Nguyen Van Linh",
        "postal_code": "102982",
        "city": "Ho Chi Minh",
        "district": "7",
        "warehouse": null,
        "partner": 3
    }
},
{
    "model": "inventory.location",
    "pk": 22,
    "fields": {
        "name": "Location/Tiki",
        "address": "333 Hoan Kiem",
        "postal_code": "109211",
        "city": "Hanoi",
        "district": "Hoan Kiem",
        "warehouse": null,
        "partner": 4
    }
},
{
    "model": "inventory.location",
    "pk": 23,
    "fields": {
        "name": "Location/Samsung",
        "address": "33 Hai Phong",
        "postal_code": "0182811",
        "city": "Hai Phong",
        "district": "8",
        "warehouse": null,
        "partner": 5
    }
},
{
    "model": "inventory.location",
    "pk": 24,
    "fields": {
        "name": "Warehouse Ha Noi/MainLocation",
        "address": "222 Hoan Kiem",
        "postal_code": "028918",
        "city": "Hanoi",
        "district": "Hoan Kiem",
        "warehouse": 6,
        "partner": null
    }
},
{
    "model": "inventory.location",
    "pk": 25,
    "fields": {
        "name": "Warehouse Ha Noi/External Outcome",
        "address": "",
        "postal_code": "",
        "city": "",
        "district": "",
        "warehouse": 6,
        "partner": null
    }
},
{
    "model": "inventory.location",
    "pk": 26,
    "fields": {
        "name": "Warehouse Quan 5/MainLocation",
        "address": "382 Hong Bang",
        "postal_code": "192811",
        "city": "Ho Chi Minh",
        "district": "5",
        "warehouse": 7,
        "partner": null
    }
},
{
    "model": "inventory.location",
    "pk": 27,
    "fields": {
        "name": "Warehouse Quan 5/External Outcome",
        "address": "",
        "postal_code": "",
        "city": "",
        "district": "",
        "warehouse": 7,
        "partner": null
    }
},
{
    "model": "inventory.location",
    "pk": 28,
    "fields": {
        "name": "Location Tan Hoa Dong",
        "address": "4 Tan Hoa Dong",
        "postal_code": "92911",
        "city": "Ho Chi Minh",
        "district": "6",
        "warehouse": 2,
        "partner": null
    }
},
{
    "model": "inventory.product",
    "pk": 1,
    "fields": {
        "name": "iPhone 12 promax",
        "unit": "per",
        "weight": 10.0,
        "quantity": 170,
        "price": 100.0,
        "image": "images/600x600_crop_iphone-12-pro-max-256GB-cu-xtmobile_YuIUjBd.jpg",
        "description": "new iphone",
        "barcode": "19282s",
        "company": 5,
        "group_rule": 1
    }
},
{
    "model": "inventory.product",
    "pk": 2,
    "fields": {
        "name": "Cake",
        "unit": "piece",
        "weight": 20.0,
        "quantity": 170,
        "price": 50.0,
        "image": "images/wdy050121lifeoftheparty-003-1621611282_RN9BkTF.jpg",
        "description": "This is new cake",
        "barcode": "1822s",
        "company": 5,
        "group_rule": 5
    }
},
{
    "model": "inventory.product",
    "pk": 3,
    "fields": {
        "name": "Fitbit Inspire 3 Health & Fitness Tracker",
        "unit": "per",
        "weight": 10.0,
        "quantity": 0,
        "price": 200.0,
        "image": "images/fitbit-fitness-tracker.webp",
        "description": "For your health",
        "barcode": "20911A",
        "company": 5,
        "group_rule": 5
    }
},
{
    "model": "inventory.product",
    "pk": 4,
    "fields": {
        "name": "Under Armour Storm Liner",
        "unit": "per",
        "weight": 10.0,
        "quantity": 200,
        "price": 3021.0,
        "image": "images/41aDehYgDzL._AC_UX679_.jpg",
        "description": "glove",
        "barcode": "192912",
        "company": 5,
        "group_rule": 1
    }
},
{
    "model": "inventory.product",
    "pk": 5,
    "fields": {
        "name": "Outlander - Season 5 [DVD]",
        "unit": "cd",
        "weight": 120.0,
        "quantity": 200,
        "price": 20.0,
        "image": "images/41Ca73bzZTL._SX300_SY300_QL70_FMwebp_.webp",
        "description": "Newest season of Outlander series",
        "barcode": "01282s",
        "company": 5,
        "group_rule": 1
    }
},
{
    "model": "inventory.product",
    "pk": 6,
    "fields": {
        "name": "Cottonelle Freshfeel Flushable Wet Wipes",
        "unit": "pack",
        "weight": 10.0,
        "quantity": 0,
        "price": 30.0,
        "image": "images/CottenelleFresfeelFlushableWetWipes.webp",
        "description": "8 Packs of 42",
        "barcode": "91281",
        "company": 5,
        "group_rule": 1
    }
},
{
    "model": "inventory.product",
    "pk": 7,
    "fields": {
        "name": "Spider-man Figure, 12-Inch",
        "unit": "per",
        "weight": 100.0,
        "quantity": 200,
        "price": 100.0,
        "image": "images/spiderman_figure.webp",
        "description": "Toys and Games",
        "barcode": "102211A",
        "company": 5,
        "group_rule": 5
    }
},
{
    "model": "inventory.product",
    "pk": 8,
    "fields": {
        "name": "Retrospec Solana 1 inch Yoga Mat",
        "unit": "per",
        "weight": 10.0,
        "quantity": 200,
        "price": 39.0,
        "image": "images/yoga_mat.jpg",
        "description": "for your health",
        "barcode": "22222AA",
        "company": 5,
        "group_rule": 5
    }
},
{
    "model": "inventory.product",
    "pk": 9,
    "fields": {
        "name": "Height-Adjustable 4\" 6\" for Home Gym Fitness Workout",
        "unit": "per",
        "weight": 10.0,
        "quantity": 200,
        "price": 19.99,
        "image": "images/heigh_adjustable_for_gym.jpg",
        "description": "for your health",
        "barcode": "8281NM",
        "company": 5,
        "group_rule": 5
    }
},
{
    "model": "inventory.product",
    "pk": 10,
    "fields": {
        "name": "Wireless Headphone",
        "unit": "per",
        "weight": 10.0,
        "quantity": 200,
        "price": 300.0,
        "image": "images/principal_2000_VZXB343.jpg",
        "description": "New generation headphone",
        "barcode": "1082NMS",
        "company": 5,
        "group_rule": 1
    }
},
{
    "model": "inventory.product",
    "pk": 11,
    "fields": {
        "name": "Dove Body Wash with Pump Deep Moisture For Dry Skin",
        "unit": "bottle",
        "weight": 10.0,
        "quantity": 170,
        "price": 40.0,
        "image": "images/dove_body_wash.webp",
        "description": "FOR SOFT, SMOOTH SKIN: Our deeply moisturizing body wash, formulated with millions of MicroMoisture droplets, leaves skin soft as silk",
        "barcode": "O912SS",
        "company": 5,
        "group_rule": 1
    }
},
{
    "model": "inventory.product",
    "pk": 12,
    "fields": {
        "name": "Mrs. Meyer's Hand Soap Refill",
        "unit": "bottle",
        "weight": 10.0,
        "quantity": 170,
        "price": 49.0,
        "image": "images/hand_soap_refill.webp",
        "description": "Made with Essential Oils, Biodegradable Formula, Lemon Verbena, 33 fl. oz",
        "barcode": "9282SS",
        "company": 5,
        "group_rule": 1
    }
},
{
    "model": "inventory.product",
    "pk": 13,
    "fields": {
        "name": "Plastic Food Wrap - 100 Square Foot Roll - 3 Pack",
        "unit": "pack",
        "weight": 10.0,
        "quantity": 200,
        "price": 19.0,
        "image": "images/pastic_food_wrap.webp",
        "description": "With a quick press of a finger, Glad Press'n Seal Food Wrap keeps food fresh with a leak proof, air tight seal",
        "barcode": "1002MNA",
        "company": 5,
        "group_rule": 5
    }
},
{
    "model": "inventory.product",
    "pk": 14,
    "fields": {
        "name": "Sony Playstation Mens' Controller Shirt",
        "unit": "per",
        "weight": 10.0,
        "quantity": 170,
        "price": 30.0,
        "image": "images/sony_playstation_men_controller_shirt.jpg",
        "description": "This Short Sleeve collared shirt is Great for Gaming Fans, Old School and New",
        "barcode": "092981",
        "company": 5,
        "group_rule": 1
    }
},
{
    "model": "inventory.product",
    "pk": 15,
    "fields": {
        "name": "Cutter & Buck Men's Big & Tall Polo Shirt, Atlas",
        "unit": "per",
        "weight": 1021.0,
        "quantity": 0,
        "price": 51.82,
        "image": "images/tall_polo_shirt.jpg",
        "description": "Tonal color heather stripe in jersey fabric",
        "barcode": "1029WKA",
        "company": 5,
        "group_rule": 7
    }
},
{
    "model": "inventory.product",
    "pk": 16,
    "fields": {
        "name": "Skechers Women's Go Walk Pant",
        "unit": "per",
        "weight": 10.0,
        "quantity": 0,
        "price": 30.21,
        "image": "images/skechers_women_go_walk_pant.jpg",
        "description": "Double layer compression waistband",
        "barcode": "9122SN",
        "company": 5,
        "group_rule": 5
    }
},
{
    "model": "inventory.product",
    "pk": 17,
    "fields": {
        "name": "Carhartt Men's Canvas Cap",
        "unit": "per",
        "weight": 20.0,
        "quantity": 0,
        "price": 19.99,
        "image": "images/canvas_cap.jpg",
        "description": "Built with Force technology to wick sweat, dry fast, and fight odors",
        "barcode": "19029A",
        "company": 5,
        "group_rule": 1
    }
},
{
    "model": "inventory.product",
    "pk": 18,
    "fields": {
        "name": "Silver Buffalo Marvel Comics Heroes Cup",
        "unit": "cup",
        "weight": 10.0,
        "quantity": 0,
        "price": 20.0,
        "image": "images/silver_marvel_heroes_cup.webp",
        "description": "Heat Reveal Technology",
        "barcode": "9128NJ",
        "company": 5,
        "group_rule": 1
    }
},
{
    "model": "inventory.rule",
    "pk": 1,
    "fields": {
        "name": "From TanPhu To Partner",
        "description": "undefined",
        "types_of_rule": "ANT_LC",
        "destination_location": 16,
        "source_location": 15,
        "group": 1,
        "user": 9
    }
},
{
    "model": "inventory.rule",
    "pk": 2,
    "fields": {
        "name": "From Q6 To Tan Phu",
        "description": "undefined",
        "types_of_rule": "ANT_LC",
        "destination_location": 15,
        "source_location": 11,
        "group": 1,
        "user": 9
    }
},
{
    "model": "inventory.rule",
    "pk": 3,
    "fields": {
        "name": "From Q7 To Q6",
        "description": "undefined",
        "types_of_rule": "STRAIGHT",
        "destination_location": 11,
        "source_location": 13,
        "group": 1,
        "user": 9
    }
},
{
    "model": "inventory.rule",
    "pk": 8,
    "fields": {
        "name": "Transfer From Tan Phu To Partner",
        "description": "undefined",
        "types_of_rule": "ANT_LC",
        "destination_location": 16,
        "source_location": 15,
        "group": 5,
        "user": 9
    }
},
{
    "model": "inventory.rule",
    "pk": 9,
    "fields": {
        "name": "Transfer From Cu Chi To Q7",
        "description": "undefined",
        "types_of_rule": "STRAIGHT",
        "destination_location": 13,
        "source_location": 17,
        "group": 5,
        "user": 9
    }
},
{
    "model": "inventory.rule",
    "pk": 10,
    "fields": {
        "name": "Transfer From Q6 To Tan Phu",
        "description": "undefined",
        "types_of_rule": "ANT_LC",
        "destination_location": 15,
        "source_location": 11,
        "group": 5,
        "user": 9
    }
},
{
    "model": "inventory.rule",
    "pk": 11,
    "fields": {
        "name": "Transfer From Q7 To Q6",
        "description": "undefined",
        "types_of_rule": "ANT_LC",
        "destination_location": 11,
        "source_location": 13,
        "group": 5,
        "user": 9
    }
},
{
    "model": "inventory.rule",
    "pk": 12,
    "fields": {
        "name": "Get from Stock transfer directly to Partner 5",
        "description": "undefined",
        "types_of_rule": "STRAIGHT",
        "destination_location": 27,
        "source_location": 26,
        "group": 6,
        "user": 9
    }
},
{
    "model": "inventory.rule",
    "pk": 13,
    "fields": {
        "name": "Transfer From 7 to Partner",
        "description": "undefined",
        "types_of_rule": "ANT_LC",
        "destination_location": 14,
        "source_location": 13,
        "group": 7,
        "user": 9
    }
},
{
    "model": "inventory.rule",
    "pk": 14,
    "fields": {
        "name": "Get Stock From 6 to 7",
        "description": "undefined",
        "types_of_rule": "STRAIGHT",
        "destination_location": 13,
        "source_location": 11,
        "group": 7,
        "user": 9
    }
},
{
    "model": "inventory.locationstock",
    "pk": 1,
    "fields": {
        "location": 13,
        "product": 1,
        "quantity": 170,
        "description": ""
    }
},
{
    "model": "inventory.locationstock",
    "pk": 2,
    "fields": {
        "location": 17,
        "product": 2,
        "quantity": 170,
        "description": ""
    }
},
{
    "model": "inventory.locationstock",
    "pk": 3,
    "fields": {
        "location": 13,
        "product": 2,
        "quantity": 0,
        "description": ""
    }
},
{
    "model": "inventory.locationstock",
    "pk": 4,
    "fields": {
        "location": 11,
        "product": 2,
        "quantity": 0,
        "description": ""
    }
},
{
    "model": "inventory.locationstock",
    "pk": 5,
    "fields": {
        "location": 11,
        "product": 1,
        "quantity": 0,
        "description": ""
    }
},
{
    "model": "inventory.locationstock",
    "pk": 6,
    "fields": {
        "location": 15,
        "product": 2,
        "quantity": 0,
        "description": ""
    }
},
{
    "model": "inventory.locationstock",
    "pk": 7,
    "fields": {
        "location": 15,
        "product": 1,
        "quantity": 0,
        "description": ""
    }
},
{
    "model": "inventory.locationstock",
    "pk": 8,
    "fields": {
        "location": 16,
        "product": 2,
        "quantity": 30,
        "description": ""
    }
},
{
    "model": "inventory.locationstock",
    "pk": 9,
    "fields": {
        "location": 16,
        "product": 1,
        "quantity": 30,
        "description": ""
    }
},
{
    "model": "inventory.locationstock",
    "pk": 10,
    "fields": {
        "location": 17,
        "product": 4,
        "quantity": 200,
        "description": ""
    }
},
{
    "model": "inventory.locationstock",
    "pk": 11,
    "fields": {
        "location": 17,
        "product": 5,
        "quantity": 200,
        "description": ""
    }
},
{
    "model": "inventory.locationstock",
    "pk": 12,
    "fields": {
        "location": 17,
        "product": 7,
        "quantity": 200,
        "description": ""
    }
},
{
    "model": "inventory.locationstock",
    "pk": 13,
    "fields": {
        "location": 17,
        "product": 8,
        "quantity": 200,
        "description": ""
    }
},
{
    "model": "inventory.locationstock",
    "pk": 14,
    "fields": {
        "location": 17,
        "product": 9,
        "quantity": 200,
        "description": ""
    }
},
{
    "model": "inventory.locationstock",
    "pk": 15,
    "fields": {
        "location": 17,
        "product": 10,
        "quantity": 200,
        "description": ""
    }
},
{
    "model": "inventory.locationstock",
    "pk": 16,
    "fields": {
        "location": 13,
        "product": 11,
        "quantity": 170,
        "description": ""
    }
},
{
    "model": "inventory.locationstock",
    "pk": 17,
    "fields": {
        "location": 13,
        "product": 12,
        "quantity": 170,
        "description": ""
    }
},
{
    "model": "inventory.locationstock",
    "pk": 18,
    "fields": {
        "location": 13,
        "product": 13,
        "quantity": 200,
        "description": ""
    }
},
{
    "model": "inventory.locationstock",
    "pk": 19,
    "fields": {
        "location": 13,
        "product": 14,
        "quantity": 170,
        "description": ""
    }
},
{
    "model": "inventory.locationstock",
    "pk": 20,
    "fields": {
        "location": 11,
        "product": 14,
        "quantity": 0,
        "description": ""
    }
},
{
    "model": "inventory.locationstock",
    "pk": 21,
    "fields": {
        "location": 11,
        "product": 12,
        "quantity": 0,
        "description": ""
    }
},
{
    "model": "inventory.locationstock",
    "pk": 22,
    "fields": {
        "location": 11,
        "product": 11,
        "quantity": 0,
        "description": ""
    }
},
{
    "model": "inventory.locationstock",
    "pk": 23,
    "fields": {
        "location": 15,
        "product": 14,
        "quantity": 0,
        "description": ""
    }
},
{
    "model": "inventory.locationstock",
    "pk": 24,
    "fields": {
        "location": 15,
        "product": 12,
        "quantity": 0,
        "description": ""
    }
},
{
    "model": "inventory.locationstock",
    "pk": 25,
    "fields": {
        "location": 15,
        "product": 11,
        "quantity": 0,
        "description": ""
    }
},
{
    "model": "inventory.locationstock",
    "pk": 26,
    "fields": {
        "location": 16,
        "product": 14,
        "quantity": 30,
        "description": ""
    }
},
{
    "model": "inventory.locationstock",
    "pk": 27,
    "fields": {
        "location": 16,
        "product": 12,
        "quantity": 30,
        "description": ""
    }
},
{
    "model": "inventory.locationstock",
    "pk": 28,
    "fields": {
        "location": 16,
        "product": 11,
        "quantity": 30,
        "description": ""
    }
},
{
    "model": "inventory.outcome",
    "pk": 1,
    "fields": {
        "user": 9,
        "partner": 1,
        "total_price": 4500.0,
        "created_date": "2023-08-17T02:31:06.953Z",
        "status": "COMPLETED",
        "warehouse": 4
    }
},
{
    "model": "inventory.outcome",
    "pk": 3,
    "fields": {
        "user": 9,
        "partner": 2,
        "total_price": 2036.4,
        "created_date": "2023-08-17T05:30:57.802Z",
        "status": "PENDING",
        "warehouse": 4
    }
},
{
    "model": "inventory.outcome",
    "pk": 5,
    "fields": {
        "user": 9,
        "partner": 2,
        "total_price": 3570.0,
        "created_date": "2023-08-17T05:33:37.640Z",
        "status": "PENDING",
        "warehouse": 4
    }
},
{
    "model": "inventory.outcome",
    "pk": 6,
    "fields": {
        "user": 9,
        "partner": 2,
        "total_price": 3570.0,
        "created_date": "2023-08-17T05:33:42.575Z",
        "status": "PENDING",
        "warehouse": 4
    }
},
{
    "model": "inventory.outcome",
    "pk": 7,
    "fields": {
        "user": 9,
        "partner": 2,
        "total_price": 3570.0,
        "created_date": "2023-08-17T05:33:45.945Z",
        "status": "PENDING",
        "warehouse": 4
    }
},
{
    "model": "inventory.outcome",
    "pk": 8,
    "fields": {
        "user": 9,
        "partner": 2,
        "total_price": 3570.0,
        "created_date": "2023-08-17T05:33:46.242Z",
        "status": "PENDING",
        "warehouse": 4
    }
},
{
    "model": "inventory.outcome",
    "pk": 9,
    "fields": {
        "user": 9,
        "partner": 2,
        "total_price": 3570.0,
        "created_date": "2023-08-17T05:33:46.554Z",
        "status": "PENDING",
        "warehouse": 4
    }
},
{
    "model": "inventory.outcome",
    "pk": 10,
    "fields": {
        "user": 9,
        "partner": 2,
        "total_price": 3570.0,
        "created_date": "2023-08-17T05:34:09.095Z",
        "status": "COMPLETED",
        "warehouse": 4
    }
},
{
    "model": "inventory.outcomedetail",
    "pk": 1,
    "fields": {
        "outcome": 1,
        "product": 2,
        "quantity": 30,
        "price": 50.0,
        "unit": "piece"
    }
},
{
    "model": "inventory.outcomedetail",
    "pk": 2,
    "fields": {
        "outcome": 1,
        "product": 1,
        "quantity": 30,
        "price": 100.0,
        "unit": "per"
    }
},
{
    "model": "inventory.outcomedetail",
    "pk": 6,
    "fields": {
        "outcome": 3,
        "product": 18,
        "quantity": 20,
        "price": 20.0,
        "unit": "cup"
    }
},
{
    "model": "inventory.outcomedetail",
    "pk": 7,
    "fields": {
        "outcome": 3,
        "product": 14,
        "quantity": 20,
        "price": 30.0,
        "unit": "per"
    }
},
{
    "model": "inventory.outcomedetail",
    "pk": 8,
    "fields": {
        "outcome": 3,
        "product": 15,
        "quantity": 20,
        "price": 51.82,
        "unit": "per"
    }
},
{
    "model": "inventory.outcomedetail",
    "pk": 12,
    "fields": {
        "outcome": 5,
        "product": 14,
        "quantity": 30,
        "price": 30.0,
        "unit": "per"
    }
},
{
    "model": "inventory.outcomedetail",
    "pk": 13,
    "fields": {
        "outcome": 5,
        "product": 12,
        "quantity": 30,
        "price": 49.0,
        "unit": "bottle"
    }
},
{
    "model": "inventory.outcomedetail",
    "pk": 14,
    "fields": {
        "outcome": 5,
        "product": 11,
        "quantity": 30,
        "price": 40.0,
        "unit": "bottle"
    }
},
{
    "model": "inventory.outcomedetail",
    "pk": 15,
    "fields": {
        "outcome": 6,
        "product": 14,
        "quantity": 30,
        "price": 30.0,
        "unit": "per"
    }
},
{
    "model": "inventory.outcomedetail",
    "pk": 16,
    "fields": {
        "outcome": 6,
        "product": 12,
        "quantity": 30,
        "price": 49.0,
        "unit": "bottle"
    }
},
{
    "model": "inventory.outcomedetail",
    "pk": 17,
    "fields": {
        "outcome": 6,
        "product": 11,
        "quantity": 30,
        "price": 40.0,
        "unit": "bottle"
    }
},
{
    "model": "inventory.outcomedetail",
    "pk": 18,
    "fields": {
        "outcome": 7,
        "product": 14,
        "quantity": 30,
        "price": 30.0,
        "unit": "per"
    }
},
{
    "model": "inventory.outcomedetail",
    "pk": 19,
    "fields": {
        "outcome": 7,
        "product": 12,
        "quantity": 30,
        "price": 49.0,
        "unit": "bottle"
    }
},
{
    "model": "inventory.outcomedetail",
    "pk": 20,
    "fields": {
        "outcome": 7,
        "product": 11,
        "quantity": 30,
        "price": 40.0,
        "unit": "bottle"
    }
},
{
    "model": "inventory.outcomedetail",
    "pk": 21,
    "fields": {
        "outcome": 8,
        "product": 14,
        "quantity": 30,
        "price": 30.0,
        "unit": "per"
    }
},
{
    "model": "inventory.outcomedetail",
    "pk": 22,
    "fields": {
        "outcome": 8,
        "product": 12,
        "quantity": 30,
        "price": 49.0,
        "unit": "bottle"
    }
},
{
    "model": "inventory.outcomedetail",
    "pk": 23,
    "fields": {
        "outcome": 8,
        "product": 11,
        "quantity": 30,
        "price": 40.0,
        "unit": "bottle"
    }
},
{
    "model": "inventory.outcomedetail",
    "pk": 24,
    "fields": {
        "outcome": 9,
        "product": 14,
        "quantity": 30,
        "price": 30.0,
        "unit": "per"
    }
},
{
    "model": "inventory.outcomedetail",
    "pk": 25,
    "fields": {
        "outcome": 9,
        "product": 12,
        "quantity": 30,
        "price": 49.0,
        "unit": "bottle"
    }
},
{
    "model": "inventory.outcomedetail",
    "pk": 26,
    "fields": {
        "outcome": 9,
        "product": 11,
        "quantity": 30,
        "price": 40.0,
        "unit": "bottle"
    }
},
{
    "model": "inventory.outcomedetail",
    "pk": 27,
    "fields": {
        "outcome": 10,
        "product": 14,
        "quantity": 30,
        "price": 30.0,
        "unit": "per"
    }
},
{
    "model": "inventory.outcomedetail",
    "pk": 28,
    "fields": {
        "outcome": 10,
        "product": 12,
        "quantity": 30,
        "price": 49.0,
        "unit": "bottle"
    }
},
{
    "model": "inventory.outcomedetail",
    "pk": 29,
    "fields": {
        "outcome": 10,
        "product": 11,
        "quantity": 30,
        "price": 40.0,
        "unit": "bottle"
    }
},
{
    "model": "inventory.transfer",
    "pk": 3,
    "fields": {
        "user": 9,
        "outcome": null,
        "source_location": 20,
        "destination_location": 13,
        "status": "RECEIVED",
        "created_date": "2023-08-17T02:29:36.615Z",
        "is_import": true,
        "total_price": 20000
    }
},
{
    "model": "inventory.transfer",
    "pk": 4,
    "fields": {
        "user": 9,
        "outcome": null,
        "source_location": 20,
        "destination_location": 17,
        "status": "RECEIVED",
        "created_date": "2023-08-17T02:30:17.699Z",
        "is_import": true,
        "total_price": 2000
    }
},
{
    "model": "inventory.transfer",
    "pk": 5,
    "fields": {
        "user": 9,
        "outcome": 1,
        "source_location": 15,
        "destination_location": 16,
        "status": "COMPLETED",
        "created_date": "2023-08-17T02:31:07.145Z",
        "is_import": false,
        "total_price": 4500
    }
},
{
    "model": "inventory.transfer",
    "pk": 6,
    "fields": {
        "user": 9,
        "outcome": 1,
        "source_location": 11,
        "destination_location": 15,
        "status": "COMPLETED",
        "created_date": "2023-08-17T02:31:07.225Z",
        "is_import": false,
        "total_price": 4500
    }
},
{
    "model": "inventory.transfer",
    "pk": 7,
    "fields": {
        "user": 9,
        "outcome": 1,
        "source_location": 13,
        "destination_location": 11,
        "status": "COMPLETED",
        "created_date": "2023-08-17T02:31:07.304Z",
        "is_import": false,
        "total_price": 4500
    }
},
{
    "model": "inventory.transfer",
    "pk": 8,
    "fields": {
        "user": 9,
        "outcome": 1,
        "source_location": 17,
        "destination_location": 13,
        "status": "COMPLETED",
        "created_date": "2023-08-17T02:31:07.494Z",
        "is_import": false,
        "total_price": 4500
    }
},
{
    "model": "inventory.transfer",
    "pk": 10,
    "fields": {
        "user": 9,
        "outcome": null,
        "source_location": 19,
        "destination_location": 17,
        "status": "PENDING",
        "created_date": "2023-08-17T05:23:32.539Z",
        "is_import": true,
        "total_price": 6000
    }
},
{
    "model": "inventory.transfer",
    "pk": 11,
    "fields": {
        "user": 9,
        "outcome": null,
        "source_location": 20,
        "destination_location": 13,
        "status": "PENDING",
        "created_date": "2023-08-17T05:24:13.510Z",
        "is_import": true,
        "total_price": 15950
    }
},
{
    "model": "inventory.transfer",
    "pk": 12,
    "fields": {
        "user": 9,
        "outcome": null,
        "source_location": 19,
        "destination_location": 13,
        "status": "RECEIVED",
        "created_date": "2023-08-17T05:26:59.183Z",
        "is_import": true,
        "total_price": 40000
    }
},
{
    "model": "inventory.transfer",
    "pk": 13,
    "fields": {
        "user": 9,
        "outcome": null,
        "source_location": 19,
        "destination_location": 17,
        "status": "RECEIVED",
        "created_date": "2023-08-17T05:28:20.834Z",
        "is_import": true,
        "total_price": 40000
    }
},
{
    "model": "inventory.transfer",
    "pk": 14,
    "fields": {
        "user": 9,
        "outcome": null,
        "source_location": 19,
        "destination_location": 17,
        "status": "RECEIVED",
        "created_date": "2023-08-17T05:29:07.635Z",
        "is_import": true,
        "total_price": 12000
    }
},
{
    "model": "inventory.transfer",
    "pk": 15,
    "fields": {
        "user": 9,
        "outcome": 3,
        "source_location": 15,
        "destination_location": 16,
        "status": "TRANSFER",
        "created_date": "2023-08-17T05:30:58.067Z",
        "is_import": false,
        "total_price": 2036
    }
},
{
    "model": "inventory.transfer",
    "pk": 16,
    "fields": {
        "user": 9,
        "outcome": 3,
        "source_location": 11,
        "destination_location": 15,
        "status": "TRANSFER",
        "created_date": "2023-08-17T05:30:58.229Z",
        "is_import": false,
        "total_price": 2036
    }
},
{
    "model": "inventory.transfer",
    "pk": 17,
    "fields": {
        "user": 9,
        "outcome": 3,
        "source_location": 13,
        "destination_location": 11,
        "status": "TRANSFER",
        "created_date": "2023-08-17T05:30:58.410Z",
        "is_import": false,
        "total_price": 2036
    }
},
{
    "model": "inventory.transfer",
    "pk": 18,
    "fields": {
        "user": 9,
        "outcome": 5,
        "source_location": 15,
        "destination_location": 16,
        "status": "TRANSFER",
        "created_date": "2023-08-17T05:33:37.982Z",
        "is_import": false,
        "total_price": 3570
    }
},
{
    "model": "inventory.transfer",
    "pk": 19,
    "fields": {
        "user": 9,
        "outcome": 5,
        "source_location": 11,
        "destination_location": 15,
        "status": "TRANSFER",
        "created_date": "2023-08-17T05:33:38.204Z",
        "is_import": false,
        "total_price": 3570
    }
},
{
    "model": "inventory.transfer",
    "pk": 20,
    "fields": {
        "user": 9,
        "outcome": 5,
        "source_location": 13,
        "destination_location": 11,
        "status": "TRANSFER",
        "created_date": "2023-08-17T05:33:38.419Z",
        "is_import": false,
        "total_price": 3570
    }
},
{
    "model": "inventory.transfer",
    "pk": 21,
    "fields": {
        "user": 9,
        "outcome": 6,
        "source_location": 15,
        "destination_location": 16,
        "status": "TRANSFER",
        "created_date": "2023-08-17T05:33:42.814Z",
        "is_import": false,
        "total_price": 3570
    }
},
{
    "model": "inventory.transfer",
    "pk": 22,
    "fields": {
        "user": 9,
        "outcome": 6,
        "source_location": 11,
        "destination_location": 15,
        "status": "TRANSFER",
        "created_date": "2023-08-17T05:33:42.914Z",
        "is_import": false,
        "total_price": 3570
    }
},
{
    "model": "inventory.transfer",
    "pk": 23,
    "fields": {
        "user": 9,
        "outcome": 6,
        "source_location": 13,
        "destination_location": 11,
        "status": "TRANSFER",
        "created_date": "2023-08-17T05:33:43.027Z",
        "is_import": false,
        "total_price": 3570
    }
},
{
    "model": "inventory.transfer",
    "pk": 24,
    "fields": {
        "user": 9,
        "outcome": 7,
        "source_location": 15,
        "destination_location": 16,
        "status": "TRANSFER",
        "created_date": "2023-08-17T05:33:46.079Z",
        "is_import": false,
        "total_price": 3570
    }
},
{
    "model": "inventory.transfer",
    "pk": 25,
    "fields": {
        "user": 9,
        "outcome": 7,
        "source_location": 11,
        "destination_location": 15,
        "status": "TRANSFER",
        "created_date": "2023-08-17T05:33:46.202Z",
        "is_import": false,
        "total_price": 3570
    }
},
{
    "model": "inventory.transfer",
    "pk": 26,
    "fields": {
        "user": 9,
        "outcome": 7,
        "source_location": 13,
        "destination_location": 11,
        "status": "TRANSFER",
        "created_date": "2023-08-17T05:33:46.436Z",
        "is_import": false,
        "total_price": 3570
    }
},
{
    "model": "inventory.transfer",
    "pk": 27,
    "fields": {
        "user": 9,
        "outcome": 8,
        "source_location": 15,
        "destination_location": 16,
        "status": "TRANSFER",
        "created_date": "2023-08-17T05:33:46.569Z",
        "is_import": false,
        "total_price": 3570
    }
},
{
    "model": "inventory.transfer",
    "pk": 28,
    "fields": {
        "user": 9,
        "outcome": 8,
        "source_location": 11,
        "destination_location": 15,
        "status": "TRANSFER",
        "created_date": "2023-08-17T05:33:46.926Z",
        "is_import": false,
        "total_price": 3570
    }
},
{
    "model": "inventory.transfer",
    "pk": 29,
    "fields": {
        "user": 9,
        "outcome": 9,
        "source_location": 15,
        "destination_location": 16,
        "status": "TRANSFER",
        "created_date": "2023-08-17T05:33:47.030Z",
        "is_import": false,
        "total_price": 3570
    }
},
{
    "model": "inventory.transfer",
    "pk": 30,
    "fields": {
        "user": 9,
        "outcome": 8,
        "source_location": 13,
        "destination_location": 11,
        "status": "TRANSFER",
        "created_date": "2023-08-17T05:33:47.209Z",
        "is_import": false,
        "total_price": 3570
    }
},
{
    "model": "inventory.transfer",
    "pk": 31,
    "fields": {
        "user": 9,
        "outcome": 9,
        "source_location": 11,
        "destination_location": 15,
        "status": "TRANSFER",
        "created_date": "2023-08-17T05:33:47.215Z",
        "is_import": false,
        "total_price": 3570
    }
},
{
    "model": "inventory.transfer",
    "pk": 32,
    "fields": {
        "user": 9,
        "outcome": 9,
        "source_location": 13,
        "destination_location": 11,
        "status": "TRANSFER",
        "created_date": "2023-08-17T05:33:47.416Z",
        "is_import": false,
        "total_price": 3570
    }
},
{
    "model": "inventory.transfer",
    "pk": 33,
    "fields": {
        "user": 9,
        "outcome": 10,
        "source_location": 15,
        "destination_location": 16,
        "status": "COMPLETED",
        "created_date": "2023-08-17T05:34:09.311Z",
        "is_import": false,
        "total_price": 3570
    }
},
{
    "model": "inventory.transfer",
    "pk": 34,
    "fields": {
        "user": 9,
        "outcome": 10,
        "source_location": 11,
        "destination_location": 15,
        "status": "COMPLETED",
        "created_date": "2023-08-17T05:34:09.568Z",
        "is_import": false,
        "total_price": 3570
    }
},
{
    "model": "inventory.transfer",
    "pk": 35,
    "fields": {
        "user": 9,
        "outcome": 10,
        "source_location": 13,
        "destination_location": 11,
        "status": "COMPLETED",
        "created_date": "2023-08-17T05:34:09.929Z",
        "is_import": false,
        "total_price": 3570
    }
},
{
    "model": "inventory.transferdetail",
    "pk": 1,
    "fields": {
        "product": 1,
        "transfer": 3,
        "quantity": 200,
        "price": 100,
        "status": "RECEIVED",
        "method": "",
        "scheduled_time": "2023-08-17T02:29:36.660Z",
        "note": "",
        "transportation_type": ""
    }
},
{
    "model": "inventory.transferdetail",
    "pk": 2,
    "fields": {
        "product": 2,
        "transfer": 4,
        "quantity": 200,
        "price": 10,
        "status": "RECEIVED",
        "method": "",
        "scheduled_time": "2023-08-17T02:30:17.726Z",
        "note": "",
        "transportation_type": ""
    }
},
{
    "model": "inventory.transferdetail",
    "pk": 3,
    "fields": {
        "product": 1,
        "transfer": 5,
        "quantity": 30,
        "price": 100,
        "status": "COMPLETED",
        "method": "",
        "scheduled_time": "2023-08-17T02:31:07.180Z",
        "note": "",
        "transportation_type": ""
    }
},
{
    "model": "inventory.transferdetail",
    "pk": 4,
    "fields": {
        "product": 1,
        "transfer": 6,
        "quantity": 30,
        "price": 100,
        "status": "COMPLETED",
        "method": "",
        "scheduled_time": "2023-08-17T02:31:07.260Z",
        "note": "",
        "transportation_type": ""
    }
},
{
    "model": "inventory.transferdetail",
    "pk": 5,
    "fields": {
        "product": 1,
        "transfer": 7,
        "quantity": 30,
        "price": 100,
        "status": "COMPLETED",
        "method": "",
        "scheduled_time": "2023-08-17T02:31:07.337Z",
        "note": "",
        "transportation_type": ""
    }
},
{
    "model": "inventory.transferdetail",
    "pk": 6,
    "fields": {
        "product": 2,
        "transfer": 5,
        "quantity": 30,
        "price": 50,
        "status": "COMPLETED",
        "method": "",
        "scheduled_time": "2023-08-17T02:31:07.406Z",
        "note": "",
        "transportation_type": ""
    }
},
{
    "model": "inventory.transferdetail",
    "pk": 7,
    "fields": {
        "product": 2,
        "transfer": 6,
        "quantity": 30,
        "price": 50,
        "status": "COMPLETED",
        "method": "",
        "scheduled_time": "2023-08-17T02:31:07.438Z",
        "note": "",
        "transportation_type": ""
    }
},
{
    "model": "inventory.transferdetail",
    "pk": 8,
    "fields": {
        "product": 2,
        "transfer": 7,
        "quantity": 30,
        "price": 50,
        "status": "COMPLETED",
        "method": "",
        "scheduled_time": "2023-08-17T02:31:07.466Z",
        "note": "",
        "transportation_type": ""
    }
},
{
    "model": "inventory.transferdetail",
    "pk": 9,
    "fields": {
        "product": 2,
        "transfer": 8,
        "quantity": 30,
        "price": 50,
        "status": "COMPLETED",
        "method": "",
        "scheduled_time": "2023-08-17T02:31:07.524Z",
        "note": "",
        "transportation_type": ""
    }
},
{
    "model": "inventory.transferdetail",
    "pk": 10,
    "fields": {
        "product": 18,
        "transfer": 10,
        "quantity": 200,
        "price": 10,
        "status": "PENDING",
        "method": "",
        "scheduled_time": "2023-08-17T05:23:32.548Z",
        "note": "",
        "transportation_type": ""
    }
},
{
    "model": "inventory.transferdetail",
    "pk": 11,
    "fields": {
        "product": 17,
        "transfer": 10,
        "quantity": 200,
        "price": 10,
        "status": "PENDING",
        "method": "",
        "scheduled_time": "2023-08-17T05:23:32.569Z",
        "note": "",
        "transportation_type": ""
    }
},
{
    "model": "inventory.transferdetail",
    "pk": 12,
    "fields": {
        "product": 16,
        "transfer": 11,
        "quantity": 199,
        "price": 25,
        "status": "PENDING",
        "method": "",
        "scheduled_time": "2023-08-17T05:24:13.536Z",
        "note": "",
        "transportation_type": ""
    }
},
{
    "model": "inventory.transferdetail",
    "pk": 13,
    "fields": {
        "product": 15,
        "transfer": 11,
        "quantity": 200,
        "price": 30,
        "status": "PENDING",
        "method": "",
        "scheduled_time": "2023-08-17T05:24:13.551Z",
        "note": "",
        "transportation_type": ""
    }
},
{
    "model": "inventory.transferdetail",
    "pk": 14,
    "fields": {
        "product": 14,
        "transfer": 12,
        "quantity": 200,
        "price": 20,
        "status": "RECEIVED",
        "method": "",
        "scheduled_time": "2023-08-17T05:26:59.197Z",
        "note": "",
        "transportation_type": ""
    }
},
{
    "model": "inventory.transferdetail",
    "pk": 15,
    "fields": {
        "product": 13,
        "transfer": 12,
        "quantity": 200,
        "price": 20,
        "status": "RECEIVED",
        "method": "",
        "scheduled_time": "2023-08-17T05:26:59.198Z",
        "note": "",
        "transportation_type": ""
    }
},
{
    "model": "inventory.transferdetail",
    "pk": 16,
    "fields": {
        "product": 12,
        "transfer": 12,
        "quantity": 200,
        "price": 20,
        "status": "RECEIVED",
        "method": "",
        "scheduled_time": "2023-08-17T05:26:59.213Z",
        "note": "",
        "transportation_type": ""
    }
},
{
    "model": "inventory.transferdetail",
    "pk": 17,
    "fields": {
        "product": 11,
        "transfer": 12,
        "quantity": 200,
        "price": 20,
        "status": "RECEIVED",
        "method": "",
        "scheduled_time": "2023-08-17T05:26:59.213Z",
        "note": "",
        "transportation_type": ""
    }
},
{
    "model": "inventory.transferdetail",
    "pk": 18,
    "fields": {
        "product": 10,
        "transfer": 13,
        "quantity": 200,
        "price": 20,
        "status": "RECEIVED",
        "method": "",
        "scheduled_time": "2023-08-17T05:28:20.900Z",
        "note": "",
        "transportation_type": ""
    }
},
{
    "model": "inventory.transferdetail",
    "pk": 19,
    "fields": {
        "product": 9,
        "transfer": 13,
        "quantity": 200,
        "price": 20,
        "status": "RECEIVED",
        "method": "",
        "scheduled_time": "2023-08-17T05:28:20.912Z",
        "note": "",
        "transportation_type": ""
    }
},
{
    "model": "inventory.transferdetail",
    "pk": 20,
    "fields": {
        "product": 8,
        "transfer": 13,
        "quantity": 200,
        "price": 20,
        "status": "RECEIVED",
        "method": "",
        "scheduled_time": "2023-08-17T05:28:20.918Z",
        "note": "",
        "transportation_type": ""
    }
},
{
    "model": "inventory.transferdetail",
    "pk": 21,
    "fields": {
        "product": 7,
        "transfer": 13,
        "quantity": 200,
        "price": 20,
        "status": "RECEIVED",
        "method": "",
        "scheduled_time": "2023-08-17T05:28:20.924Z",
        "note": "",
        "transportation_type": ""
    }
},
{
    "model": "inventory.transferdetail",
    "pk": 22,
    "fields": {
        "product": 5,
        "transfer": 14,
        "quantity": 200,
        "price": 20,
        "status": "RECEIVED",
        "method": "",
        "scheduled_time": "2023-08-17T05:29:07.657Z",
        "note": "",
        "transportation_type": ""
    }
},
{
    "model": "inventory.transferdetail",
    "pk": 23,
    "fields": {
        "product": 4,
        "transfer": 14,
        "quantity": 200,
        "price": 20,
        "status": "RECEIVED",
        "method": "",
        "scheduled_time": "2023-08-17T05:29:07.676Z",
        "note": "",
        "transportation_type": ""
    }
},
{
    "model": "inventory.transferdetail",
    "pk": 24,
    "fields": {
        "product": 15,
        "transfer": 15,
        "quantity": 20,
        "price": 51,
        "status": "TRANSFER",
        "method": "",
        "scheduled_time": "2023-08-17T05:30:58.166Z",
        "note": "",
        "transportation_type": ""
    }
},
{
    "model": "inventory.transferdetail",
    "pk": 25,
    "fields": {
        "product": 15,
        "transfer": 16,
        "quantity": 20,
        "price": 51,
        "status": "TRANSFER",
        "method": "",
        "scheduled_time": "2023-08-17T05:30:58.324Z",
        "note": "",
        "transportation_type": ""
    }
},
{
    "model": "inventory.transferdetail",
    "pk": 26,
    "fields": {
        "product": 15,
        "transfer": 17,
        "quantity": 20,
        "price": 51,
        "status": "FAILED",
        "method": "",
        "scheduled_time": "2023-08-17T05:30:58.512Z",
        "note": "Product is out of stock!",
        "transportation_type": ""
    }
},
{
    "model": "inventory.transferdetail",
    "pk": 27,
    "fields": {
        "product": 14,
        "transfer": 15,
        "quantity": 20,
        "price": 30,
        "status": "TRANSFER",
        "method": "",
        "scheduled_time": "2023-08-17T05:30:58.631Z",
        "note": "",
        "transportation_type": ""
    }
},
{
    "model": "inventory.transferdetail",
    "pk": 28,
    "fields": {
        "product": 14,
        "transfer": 16,
        "quantity": 20,
        "price": 30,
        "status": "TRANSFER",
        "method": "",
        "scheduled_time": "2023-08-17T05:30:58.678Z",
        "note": "",
        "transportation_type": ""
    }
},
{
    "model": "inventory.transferdetail",
    "pk": 29,
    "fields": {
        "product": 14,
        "transfer": 17,
        "quantity": 20,
        "price": 30,
        "status": "TRANSFER",
        "method": "",
        "scheduled_time": "2023-08-17T05:30:58.728Z",
        "note": "",
        "transportation_type": ""
    }
},
{
    "model": "inventory.transferdetail",
    "pk": 30,
    "fields": {
        "product": 18,
        "transfer": 15,
        "quantity": 20,
        "price": 20,
        "status": "TRANSFER",
        "method": "",
        "scheduled_time": "2023-08-17T05:30:58.797Z",
        "note": "",
        "transportation_type": ""
    }
},
{
    "model": "inventory.transferdetail",
    "pk": 31,
    "fields": {
        "product": 18,
        "transfer": 16,
        "quantity": 20,
        "price": 20,
        "status": "TRANSFER",
        "method": "",
        "scheduled_time": "2023-08-17T05:30:58.831Z",
        "note": "",
        "transportation_type": ""
    }
},
{
    "model": "inventory.transferdetail",
    "pk": 32,
    "fields": {
        "product": 18,
        "transfer": 17,
        "quantity": 20,
        "price": 20,
        "status": "FAILED",
        "method": "",
        "scheduled_time": "2023-08-17T05:30:58.861Z",
        "note": "Product is out of stock!",
        "transportation_type": ""
    }
},
{
    "model": "inventory.transferdetail",
    "pk": 33,
    "fields": {
        "product": 11,
        "transfer": 18,
        "quantity": 30,
        "price": 40,
        "status": "TRANSFER",
        "method": "",
        "scheduled_time": "2023-08-17T05:33:38.127Z",
        "note": "",
        "transportation_type": ""
    }
},
{
    "model": "inventory.transferdetail",
    "pk": 34,
    "fields": {
        "product": 11,
        "transfer": 19,
        "quantity": 30,
        "price": 40,
        "status": "TRANSFER",
        "method": "",
        "scheduled_time": "2023-08-17T05:33:38.325Z",
        "note": "",
        "transportation_type": ""
    }
},
{
    "model": "inventory.transferdetail",
    "pk": 35,
    "fields": {
        "product": 11,
        "transfer": 20,
        "quantity": 30,
        "price": 40,
        "status": "TRANSFER",
        "method": "",
        "scheduled_time": "2023-08-17T05:33:38.553Z",
        "note": "",
        "transportation_type": ""
    }
},
{
    "model": "inventory.transferdetail",
    "pk": 36,
    "fields": {
        "product": 12,
        "transfer": 18,
        "quantity": 30,
        "price": 49,
        "status": "TRANSFER",
        "method": "",
        "scheduled_time": "2023-08-17T05:33:38.691Z",
        "note": "",
        "transportation_type": ""
    }
},
{
    "model": "inventory.transferdetail",
    "pk": 37,
    "fields": {
        "product": 12,
        "transfer": 19,
        "quantity": 30,
        "price": 49,
        "status": "TRANSFER",
        "method": "",
        "scheduled_time": "2023-08-17T05:33:38.763Z",
        "note": "",
        "transportation_type": ""
    }
},
{
    "model": "inventory.transferdetail",
    "pk": 38,
    "fields": {
        "product": 12,
        "transfer": 20,
        "quantity": 30,
        "price": 49,
        "status": "TRANSFER",
        "method": "",
        "scheduled_time": "2023-08-17T05:33:38.830Z",
        "note": "",
        "transportation_type": ""
    }
},
{
    "model": "inventory.transferdetail",
    "pk": 39,
    "fields": {
        "product": 14,
        "transfer": 18,
        "quantity": 30,
        "price": 30,
        "status": "TRANSFER",
        "method": "",
        "scheduled_time": "2023-08-17T05:33:38.939Z",
        "note": "",
        "transportation_type": ""
    }
},
{
    "model": "inventory.transferdetail",
    "pk": 40,
    "fields": {
        "product": 14,
        "transfer": 19,
        "quantity": 30,
        "price": 30,
        "status": "TRANSFER",
        "method": "",
        "scheduled_time": "2023-08-17T05:33:39.037Z",
        "note": "",
        "transportation_type": ""
    }
},
{
    "model": "inventory.transferdetail",
    "pk": 41,
    "fields": {
        "product": 14,
        "transfer": 20,
        "quantity": 30,
        "price": 30,
        "status": "TRANSFER",
        "method": "",
        "scheduled_time": "2023-08-17T05:33:39.134Z",
        "note": "",
        "transportation_type": ""
    }
},
{
    "model": "inventory.transferdetail",
    "pk": 42,
    "fields": {
        "product": 11,
        "transfer": 21,
        "quantity": 30,
        "price": 40,
        "status": "TRANSFER",
        "method": "",
        "scheduled_time": "2023-08-17T05:33:42.857Z",
        "note": "",
        "transportation_type": ""
    }
},
{
    "model": "inventory.transferdetail",
    "pk": 43,
    "fields": {
        "product": 11,
        "transfer": 22,
        "quantity": 30,
        "price": 40,
        "status": "TRANSFER",
        "method": "",
        "scheduled_time": "2023-08-17T05:33:42.964Z",
        "note": "",
        "transportation_type": ""
    }
},
{
    "model": "inventory.transferdetail",
    "pk": 44,
    "fields": {
        "product": 11,
        "transfer": 23,
        "quantity": 30,
        "price": 40,
        "status": "TRANSFER",
        "method": "",
        "scheduled_time": "2023-08-17T05:33:43.093Z",
        "note": "",
        "transportation_type": ""
    }
},
{
    "model": "inventory.transferdetail",
    "pk": 45,
    "fields": {
        "product": 12,
        "transfer": 21,
        "quantity": 30,
        "price": 49,
        "status": "TRANSFER",
        "method": "",
        "scheduled_time": "2023-08-17T05:33:43.178Z",
        "note": "",
        "transportation_type": ""
    }
},
{
    "model": "inventory.transferdetail",
    "pk": 46,
    "fields": {
        "product": 12,
        "transfer": 22,
        "quantity": 30,
        "price": 49,
        "status": "TRANSFER",
        "method": "",
        "scheduled_time": "2023-08-17T05:33:43.215Z",
        "note": "",
        "transportation_type": ""
    }
},
{
    "model": "inventory.transferdetail",
    "pk": 47,
    "fields": {
        "product": 12,
        "transfer": 23,
        "quantity": 30,
        "price": 49,
        "status": "TRANSFER",
        "method": "",
        "scheduled_time": "2023-08-17T05:33:43.249Z",
        "note": "",
        "transportation_type": ""
    }
},
{
    "model": "inventory.transferdetail",
    "pk": 48,
    "fields": {
        "product": 14,
        "transfer": 21,
        "quantity": 30,
        "price": 30,
        "status": "TRANSFER",
        "method": "",
        "scheduled_time": "2023-08-17T05:33:43.314Z",
        "note": "",
        "transportation_type": ""
    }
},
{
    "model": "inventory.transferdetail",
    "pk": 49,
    "fields": {
        "product": 14,
        "transfer": 22,
        "quantity": 30,
        "price": 30,
        "status": "TRANSFER",
        "method": "",
        "scheduled_time": "2023-08-17T05:33:43.350Z",
        "note": "",
        "transportation_type": ""
    }
},
{
    "model": "inventory.transferdetail",
    "pk": 50,
    "fields": {
        "product": 14,
        "transfer": 23,
        "quantity": 30,
        "price": 30,
        "status": "TRANSFER",
        "method": "",
        "scheduled_time": "2023-08-17T05:33:43.381Z",
        "note": "",
        "transportation_type": ""
    }
},
{
    "model": "inventory.transferdetail",
    "pk": 51,
    "fields": {
        "product": 11,
        "transfer": 24,
        "quantity": 30,
        "price": 40,
        "status": "TRANSFER",
        "method": "",
        "scheduled_time": "2023-08-17T05:33:46.128Z",
        "note": "",
        "transportation_type": ""
    }
},
{
    "model": "inventory.transferdetail",
    "pk": 52,
    "fields": {
        "product": 11,
        "transfer": 25,
        "quantity": 30,
        "price": 40,
        "status": "TRANSFER",
        "method": "",
        "scheduled_time": "2023-08-17T05:33:46.347Z",
        "note": "",
        "transportation_type": ""
    }
},
{
    "model": "inventory.transferdetail",
    "pk": 53,
    "fields": {
        "product": 11,
        "transfer": 26,
        "quantity": 30,
        "price": 40,
        "status": "TRANSFER",
        "method": "",
        "scheduled_time": "2023-08-17T05:33:46.664Z",
        "note": "",
        "transportation_type": ""
    }
},
{
    "model": "inventory.transferdetail",
    "pk": 54,
    "fields": {
        "product": 12,
        "transfer": 24,
        "quantity": 30,
        "price": 49,
        "status": "TRANSFER",
        "method": "",
        "scheduled_time": "2023-08-17T05:33:46.758Z",
        "note": "",
        "transportation_type": ""
    }
},
{
    "model": "inventory.transferdetail",
    "pk": 55,
    "fields": {
        "product": 12,
        "transfer": 25,
        "quantity": 30,
        "price": 49,
        "status": "TRANSFER",
        "method": "",
        "scheduled_time": "2023-08-17T05:33:46.803Z",
        "note": "",
        "transportation_type": ""
    }
},
{
    "model": "inventory.transferdetail",
    "pk": 56,
    "fields": {
        "product": 11,
        "transfer": 27,
        "quantity": 30,
        "price": 40,
        "status": "TRANSFER",
        "method": "",
        "scheduled_time": "2023-08-17T05:33:46.825Z",
        "note": "",
        "transportation_type": ""
    }
},
{
    "model": "inventory.transferdetail",
    "pk": 57,
    "fields": {
        "product": 12,
        "transfer": 26,
        "quantity": 30,
        "price": 49,
        "status": "TRANSFER",
        "method": "",
        "scheduled_time": "2023-08-17T05:33:46.872Z",
        "note": "",
        "transportation_type": ""
    }
},
{
    "model": "inventory.transferdetail",
    "pk": 58,
    "fields": {
        "product": 14,
        "transfer": 24,
        "quantity": 30,
        "price": 30,
        "status": "TRANSFER",
        "method": "",
        "scheduled_time": "2023-08-17T05:33:46.994Z",
        "note": "",
        "transportation_type": ""
    }
},
{
    "model": "inventory.transferdetail",
    "pk": 59,
    "fields": {
        "product": 14,
        "transfer": 25,
        "quantity": 30,
        "price": 30,
        "status": "TRANSFER",
        "method": "",
        "scheduled_time": "2023-08-17T05:33:47.044Z",
        "note": "",
        "transportation_type": ""
    }
},
{
    "model": "inventory.transferdetail",
    "pk": 60,
    "fields": {
        "product": 14,
        "transfer": 26,
        "quantity": 30,
        "price": 30,
        "status": "TRANSFER",
        "method": "",
        "scheduled_time": "2023-08-17T05:33:47.090Z",
        "note": "",
        "transportation_type": ""
    }
},
{
    "model": "inventory.transferdetail",
    "pk": 61,
    "fields": {
        "product": 11,
        "transfer": 29,
        "quantity": 30,
        "price": 40,
        "status": "TRANSFER",
        "method": "",
        "scheduled_time": "2023-08-17T05:33:47.144Z",
        "note": "",
        "transportation_type": ""
    }
},
{
    "model": "inventory.transferdetail",
    "pk": 62,
    "fields": {
        "product": 11,
        "transfer": 28,
        "quantity": 30,
        "price": 40,
        "status": "TRANSFER",
        "method": "",
        "scheduled_time": "2023-08-17T05:33:47.144Z",
        "note": "",
        "transportation_type": ""
    }
},
{
    "model": "inventory.transferdetail",
    "pk": 63,
    "fields": {
        "product": 11,
        "transfer": 31,
        "quantity": 30,
        "price": 40,
        "status": "TRANSFER",
        "method": "",
        "scheduled_time": "2023-08-17T05:33:47.376Z",
        "note": "",
        "transportation_type": ""
    }
},
{
    "model": "inventory.transferdetail",
    "pk": 64,
    "fields": {
        "product": 11,
        "transfer": 30,
        "quantity": 30,
        "price": 40,
        "status": "TRANSFER",
        "method": "",
        "scheduled_time": "2023-08-17T05:33:47.363Z",
        "note": "",
        "transportation_type": ""
    }
},
{
    "model": "inventory.transferdetail",
    "pk": 65,
    "fields": {
        "product": 12,
        "transfer": 27,
        "quantity": 30,
        "price": 49,
        "status": "TRANSFER",
        "method": "",
        "scheduled_time": "2023-08-17T05:33:47.445Z",
        "note": "",
        "transportation_type": ""
    }
},
{
    "model": "inventory.transferdetail",
    "pk": 66,
    "fields": {
        "product": 12,
        "transfer": 28,
        "quantity": 30,
        "price": 49,
        "status": "TRANSFER",
        "method": "",
        "scheduled_time": "2023-08-17T05:33:47.476Z",
        "note": "",
        "transportation_type": ""
    }
},
{
    "model": "inventory.transferdetail",
    "pk": 67,
    "fields": {
        "product": 12,
        "transfer": 30,
        "quantity": 30,
        "price": 49,
        "status": "TRANSFER",
        "method": "",
        "scheduled_time": "2023-08-17T05:33:47.535Z",
        "note": "",
        "transportation_type": ""
    }
},
{
    "model": "inventory.transferdetail",
    "pk": 68,
    "fields": {
        "product": 11,
        "transfer": 32,
        "quantity": 30,
        "price": 40,
        "status": "TRANSFER",
        "method": "",
        "scheduled_time": "2023-08-17T05:33:47.562Z",
        "note": "",
        "transportation_type": ""
    }
},
{
    "model": "inventory.transferdetail",
    "pk": 69,
    "fields": {
        "product": 14,
        "transfer": 27,
        "quantity": 30,
        "price": 30,
        "status": "TRANSFER",
        "method": "",
        "scheduled_time": "2023-08-17T05:33:47.644Z",
        "note": "",
        "transportation_type": ""
    }
},
{
    "model": "inventory.transferdetail",
    "pk": 70,
    "fields": {
        "product": 12,
        "transfer": 29,
        "quantity": 30,
        "price": 49,
        "status": "TRANSFER",
        "method": "",
        "scheduled_time": "2023-08-17T05:33:47.664Z",
        "note": "",
        "transportation_type": ""
    }
},
{
    "model": "inventory.transferdetail",
    "pk": 71,
    "fields": {
        "product": 14,
        "transfer": 28,
        "quantity": 30,
        "price": 30,
        "status": "TRANSFER",
        "method": "",
        "scheduled_time": "2023-08-17T05:33:47.708Z",
        "note": "",
        "transportation_type": ""
    }
},
{
    "model": "inventory.transferdetail",
    "pk": 72,
    "fields": {
        "product": 12,
        "transfer": 31,
        "quantity": 30,
        "price": 49,
        "status": "TRANSFER",
        "method": "",
        "scheduled_time": "2023-08-17T05:33:47.733Z",
        "note": "",
        "transportation_type": ""
    }
},
{
    "model": "inventory.transferdetail",
    "pk": 73,
    "fields": {
        "product": 14,
        "transfer": 30,
        "quantity": 30,
        "price": 30,
        "status": "TRANSFER",
        "method": "",
        "scheduled_time": "2023-08-17T05:33:47.754Z",
        "note": "",
        "transportation_type": ""
    }
},
{
    "model": "inventory.transferdetail",
    "pk": 74,
    "fields": {
        "product": 12,
        "transfer": 32,
        "quantity": 30,
        "price": 49,
        "status": "TRANSFER",
        "method": "",
        "scheduled_time": "2023-08-17T05:33:47.820Z",
        "note": "",
        "transportation_type": ""
    }
},
{
    "model": "inventory.transferdetail",
    "pk": 75,
    "fields": {
        "product": 14,
        "transfer": 29,
        "quantity": 30,
        "price": 30,
        "status": "TRANSFER",
        "method": "",
        "scheduled_time": "2023-08-17T05:33:47.900Z",
        "note": "",
        "transportation_type": ""
    }
},
{
    "model": "inventory.transferdetail",
    "pk": 76,
    "fields": {
        "product": 14,
        "transfer": 31,
        "quantity": 30,
        "price": 30,
        "status": "TRANSFER",
        "method": "",
        "scheduled_time": "2023-08-17T05:33:47.944Z",
        "note": "",
        "transportation_type": ""
    }
},
{
    "model": "inventory.transferdetail",
    "pk": 77,
    "fields": {
        "product": 14,
        "transfer": 32,
        "quantity": 30,
        "price": 30,
        "status": "TRANSFER",
        "method": "",
        "scheduled_time": "2023-08-17T05:33:47.976Z",
        "note": "",
        "transportation_type": ""
    }
},
{
    "model": "inventory.transferdetail",
    "pk": 78,
    "fields": {
        "product": 11,
        "transfer": 33,
        "quantity": 30,
        "price": 40,
        "status": "COMPLETED",
        "method": "",
        "scheduled_time": "2023-08-17T05:34:09.463Z",
        "note": "",
        "transportation_type": ""
    }
},
{
    "model": "inventory.transferdetail",
    "pk": 79,
    "fields": {
        "product": 11,
        "transfer": 34,
        "quantity": 30,
        "price": 40,
        "status": "COMPLETED",
        "method": "",
        "scheduled_time": "2023-08-17T05:34:09.877Z",
        "note": "",
        "transportation_type": ""
    }
},
{
    "model": "inventory.transferdetail",
    "pk": 80,
    "fields": {
        "product": 11,
        "transfer": 35,
        "quantity": 30,
        "price": 40,
        "status": "COMPLETED",
        "method": "",
        "scheduled_time": "2023-08-17T05:34:10.046Z",
        "note": "",
        "transportation_type": ""
    }
},
{
    "model": "inventory.transferdetail",
    "pk": 81,
    "fields": {
        "product": 12,
        "transfer": 33,
        "quantity": 30,
        "price": 49,
        "status": "COMPLETED",
        "method": "",
        "scheduled_time": "2023-08-17T05:34:10.151Z",
        "note": "",
        "transportation_type": ""
    }
},
{
    "model": "inventory.transferdetail",
    "pk": 82,
    "fields": {
        "product": 12,
        "transfer": 34,
        "quantity": 30,
        "price": 49,
        "status": "COMPLETED",
        "method": "",
        "scheduled_time": "2023-08-17T05:34:10.218Z",
        "note": "",
        "transportation_type": ""
    }
},
{
    "model": "inventory.transferdetail",
    "pk": 83,
    "fields": {
        "product": 12,
        "transfer": 35,
        "quantity": 30,
        "price": 49,
        "status": "COMPLETED",
        "method": "",
        "scheduled_time": "2023-08-17T05:34:10.275Z",
        "note": "",
        "transportation_type": ""
    }
},
{
    "model": "inventory.transferdetail",
    "pk": 84,
    "fields": {
        "product": 14,
        "transfer": 33,
        "quantity": 30,
        "price": 30,
        "status": "COMPLETED",
        "method": "",
        "scheduled_time": "2023-08-17T05:34:10.381Z",
        "note": "",
        "transportation_type": ""
    }
},
{
    "model": "inventory.transferdetail",
    "pk": 85,
    "fields": {
        "product": 14,
        "transfer": 34,
        "quantity": 30,
        "price": 30,
        "status": "COMPLETED",
        "method": "",
        "scheduled_time": "2023-08-17T05:34:10.438Z",
        "note": "",
        "transportation_type": ""
    }
},
{
    "model": "inventory.transferdetail",
    "pk": 86,
    "fields": {
        "product": 14,
        "transfer": 35,
        "quantity": 30,
        "price": 30,
        "status": "COMPLETED",
        "method": "",
        "scheduled_time": "2023-08-17T05:34:10.495Z",
        "note": "",
        "transportation_type": ""
    }
},
{
    "model": "auth_app.role",
    "pk": 1,
    "fields": {
        "type_of_roles": "SUPERUSER",
        "description": ""
    }
},
{
    "model": "auth_app.role",
    "pk": 2,
    "fields": {
        "type_of_roles": "OWNER",
        "description": ""
    }
},
{
    "model": "auth_app.role",
    "pk": 3,
    "fields": {
        "type_of_roles": "ADMIN",
        "description": ""
    }
},
{
    "model": "auth_app.user",
    "pk": 9,
    "fields": {
        "password": "scrypt$16384$1aU9TkAWyBrpAGUTPzRzYn$8$1$rHcXt2HEo9aZfN+4ZCJF8rZGSm4i2SN7JoS91RKkEfsyGbDweDATUKXix/q1UmBHmb7eJ9lzPE20rPptqmGtbg==",
        "last_login": null,
        "is_superuser": false,
        "username": "onhauyennhi",
        "first_name": "Nicole",
        "last_name": "On",
        "email": "onhauyennhi270802@gmail.com",
        "is_staff": false,
        "is_active": true,
        "date_joined": "2023-08-16T10:24:32Z",
        "image": "images/user_image/332158939_1587940821630351_3944058299401843407_n_qxWMsBu.jpg",
        "role": 2,
        "is_verified": true,
        "company_name": "Golden Owl",
        "phone": "0828098274",
        "address": "367 NVL",
        "postal_code": "700000",
        "city": "HCM",
        "district": "2",
        "groups": [],
        "user_permissions": []
    }
},
{
    "model": "auth_app.user",
    "pk": 10,
    "fields": {
        "password": "scrypt$16384$HgAOQBLqyALjPZaqjhq6yS$8$1$cL6TmuEbO0xkZimqbZJIn3l7FskYl7reD3rLWbt8Q5yk0Kyjozm2oQuSbmozxc+SAmnPOdpFWnpWGAwGTavoEw==",
        "last_login": "2023-08-16T10:28:10Z",
        "is_superuser": true,
        "username": "admin",
        "first_name": "",
        "last_name": "",
        "email": "admin@gmail.com",
        "is_staff": true,
        "is_active": true,
        "date_joined": "2023-08-16T10:25:12Z",
        "image": "images/user_image/default.png",
        "role": 1,
        "is_verified": true,
        "company_name": "",
        "phone": "",
        "address": "",
        "postal_code": "",
        "city": "",
        "district": "",
        "groups": [],
        "user_permissions": []
    }
},
{
    "model": "notifications.notification",
    "pk": 1,
    "fields": {
        "user": 9,
        "message": "Transfer TF1 has been created successfully",
        "is_read": false,
        "created_date": "2023-08-17T02:29:06.166Z"
    }
},
{
    "model": "notifications.notification",
    "pk": 2,
    "fields": {
        "user": 9,
        "message": "Transfer TF2 has been created successfully",
        "is_read": false,
        "created_date": "2023-08-17T02:29:09.422Z"
    }
},
{
    "model": "notifications.notification",
    "pk": 3,
    "fields": {
        "user": 9,
        "message": "Transfer TF3 has been created successfully",
        "is_read": false,
        "created_date": "2023-08-17T02:29:36.631Z"
    }
},
{
    "model": "notifications.notification",
    "pk": 4,
    "fields": {
        "user": 9,
        "message": "Product Cake is out of stock!",
        "is_read": false,
        "created_date": "2023-08-17T02:29:48.680Z"
    }
},
{
    "model": "notifications.notification",
    "pk": 5,
    "fields": {
        "user": 9,
        "message": "Transfer TF4 has been created successfully",
        "is_read": false,
        "created_date": "2023-08-17T02:30:17.712Z"
    }
},
{
    "model": "notifications.notification",
    "pk": 6,
    "fields": {
        "user": 9,
        "message": "Order OC1 has been created successfully",
        "is_read": false,
        "created_date": "2023-08-17T02:31:06.970Z"
    }
},
{
    "model": "notifications.notification",
    "pk": 7,
    "fields": {
        "user": 9,
        "message": "Transfer TF5 has been created successfully",
        "is_read": false,
        "created_date": "2023-08-17T02:31:07.150Z"
    }
},
{
    "model": "notifications.notification",
    "pk": 8,
    "fields": {
        "user": 9,
        "message": "Transfer TF6 has been created successfully",
        "is_read": false,
        "created_date": "2023-08-17T02:31:07.227Z"
    }
},
{
    "model": "notifications.notification",
    "pk": 9,
    "fields": {
        "user": 9,
        "message": "Transfer TF7 has been created successfully",
        "is_read": false,
        "created_date": "2023-08-17T02:31:07.306Z"
    }
},
{
    "model": "notifications.notification",
    "pk": 10,
    "fields": {
        "user": 9,
        "message": "Transfer TF8 has been created successfully",
        "is_read": false,
        "created_date": "2023-08-17T02:31:07.499Z"
    }
},
{
    "model": "notifications.notification",
    "pk": 11,
    "fields": {
        "user": 9,
        "message": "Product Fitbit Inspire 3 Health & Fitness Tracker is out of stock!",
        "is_read": false,
        "created_date": "2023-08-17T03:16:36.676Z"
    }
},
{
    "model": "notifications.notification",
    "pk": 12,
    "fields": {
        "user": 9,
        "message": "Product Under Armour Storm Liner is out of stock!",
        "is_read": false,
        "created_date": "2023-08-17T03:20:07.110Z"
    }
},
{
    "model": "notifications.notification",
    "pk": 13,
    "fields": {
        "user": 9,
        "message": "Product Outlander - Season 5 [DVD] is out of stock!",
        "is_read": false,
        "created_date": "2023-08-17T03:24:07.505Z"
    }
},
{
    "model": "notifications.notification",
    "pk": 14,
    "fields": {
        "user": 9,
        "message": "Product Cottonelle Freshfeel Flushable Wet Wipes is out of stock!",
        "is_read": false,
        "created_date": "2023-08-17T03:26:37.955Z"
    }
},
{
    "model": "notifications.notification",
    "pk": 15,
    "fields": {
        "user": 9,
        "message": "Product Spider-man Figure, 12-Inch is out of stock!",
        "is_read": false,
        "created_date": "2023-08-17T03:29:38.175Z"
    }
},
{
    "model": "notifications.notification",
    "pk": 16,
    "fields": {
        "user": 9,
        "message": "Product Retrospec Solana 1 inch Yoga Mat is out of stock!",
        "is_read": false,
        "created_date": "2023-08-17T03:33:38.570Z"
    }
},
{
    "model": "notifications.notification",
    "pk": 17,
    "fields": {
        "user": 9,
        "message": "Product Height-Adjustable 4\" 6\" for Home Gym Fitness Workout is out of stock!",
        "is_read": false,
        "created_date": "2023-08-17T03:34:38.775Z"
    }
},
{
    "model": "notifications.notification",
    "pk": 18,
    "fields": {
        "user": 9,
        "message": "Product Wireless Headphone is out of stock!",
        "is_read": false,
        "created_date": "2023-08-17T03:37:09.200Z"
    }
},
{
    "model": "notifications.notification",
    "pk": 19,
    "fields": {
        "user": 9,
        "message": "Product Dove Body Wash with Pump Deep Moisture For Dry Skin is out of stock!",
        "is_read": false,
        "created_date": "2023-08-17T03:48:40.538Z"
    }
},
{
    "model": "notifications.notification",
    "pk": 20,
    "fields": {
        "user": 9,
        "message": "Product Mrs. Meyer's Hand Soap Refill is out of stock!",
        "is_read": false,
        "created_date": "2023-08-17T03:50:11.040Z"
    }
},
{
    "model": "notifications.notification",
    "pk": 21,
    "fields": {
        "user": 9,
        "message": "Product Plastic Food Wrap - 100 Square Foot Roll - 3 Pack is out of stock!",
        "is_read": false,
        "created_date": "2023-08-17T03:53:55.363Z"
    }
},
{
    "model": "notifications.notification",
    "pk": 22,
    "fields": {
        "user": 9,
        "message": "Product Sony Playstation Mens' Controller Shirt is out of stock!",
        "is_read": false,
        "created_date": "2023-08-17T03:56:25.638Z"
    }
},
{
    "model": "notifications.notification",
    "pk": 23,
    "fields": {
        "user": 9,
        "message": "Product Cutter & Buck Men's Big & Tall Polo Shirt, Atlas is out of stock!",
        "is_read": false,
        "created_date": "2023-08-17T03:57:42.630Z"
    }
},
{
    "model": "notifications.notification",
    "pk": 24,
    "fields": {
        "user": 9,
        "message": "Product Skechers Women's Go Walk Pant is out of stock!",
        "is_read": false,
        "created_date": "2023-08-17T04:00:12.977Z"
    }
},
{
    "model": "notifications.notification",
    "pk": 25,
    "fields": {
        "user": 9,
        "message": "Product Carhartt Men's Canvas Cap is out of stock!",
        "is_read": false,
        "created_date": "2023-08-17T04:04:57.615Z"
    }
},
{
    "model": "notifications.notification",
    "pk": 26,
    "fields": {
        "user": 9,
        "message": "Product Silver Buffalo Marvel Comics Heroes Cup is out of stock!",
        "is_read": false,
        "created_date": "2023-08-17T04:35:43.721Z"
    }
},
{
    "model": "notifications.notification",
    "pk": 27,
    "fields": {
        "user": 9,
        "message": "Transfer TF9 has been created successfully",
        "is_read": false,
        "created_date": "2023-08-17T05:23:09.712Z"
    }
},
{
    "model": "notifications.notification",
    "pk": 28,
    "fields": {
        "user": 9,
        "message": "Transfer TF10 has been created successfully",
        "is_read": false,
        "created_date": "2023-08-17T05:23:32.542Z"
    }
},
{
    "model": "notifications.notification",
    "pk": 29,
    "fields": {
        "user": 9,
        "message": "Transfer TF11 has been created successfully",
        "is_read": false,
        "created_date": "2023-08-17T05:24:13.519Z"
    }
},
{
    "model": "notifications.notification",
    "pk": 30,
    "fields": {
        "user": 9,
        "message": "Transfer TF12 has been created successfully",
        "is_read": false,
        "created_date": "2023-08-17T05:26:59.188Z"
    }
},
{
    "model": "notifications.notification",
    "pk": 31,
    "fields": {
        "user": 9,
        "message": "Transfer TF13 has been created successfully",
        "is_read": false,
        "created_date": "2023-08-17T05:28:20.840Z"
    }
},
{
    "model": "notifications.notification",
    "pk": 32,
    "fields": {
        "user": 9,
        "message": "Transfer TF14 has been created successfully",
        "is_read": false,
        "created_date": "2023-08-17T05:29:07.642Z"
    }
},
{
    "model": "notifications.notification",
    "pk": 34,
    "fields": {
        "user": 9,
        "message": "Order OC3 has been created successfully",
        "is_read": false,
        "created_date": "2023-08-17T05:30:57.814Z"
    }
},
{
    "model": "notifications.notification",
    "pk": 35,
    "fields": {
        "user": 9,
        "message": "Transfer TF15 has been created successfully",
        "is_read": false,
        "created_date": "2023-08-17T05:30:58.074Z"
    }
},
{
    "model": "notifications.notification",
    "pk": 36,
    "fields": {
        "user": 9,
        "message": "Transfer TF16 has been created successfully",
        "is_read": false,
        "created_date": "2023-08-17T05:30:58.231Z"
    }
},
{
    "model": "notifications.notification",
    "pk": 37,
    "fields": {
        "user": 9,
        "message": "Transfer TF17 has been created successfully",
        "is_read": false,
        "created_date": "2023-08-17T05:30:58.415Z"
    }
},
{
    "model": "notifications.notification",
    "pk": 39,
    "fields": {
        "user": 9,
        "message": "Order OC5 has been created successfully",
        "is_read": false,
        "created_date": "2023-08-17T05:33:37.652Z"
    }
},
{
    "model": "notifications.notification",
    "pk": 40,
    "fields": {
        "user": 9,
        "message": "Transfer TF18 has been created successfully",
        "is_read": false,
        "created_date": "2023-08-17T05:33:37.988Z"
    }
},
{
    "model": "notifications.notification",
    "pk": 41,
    "fields": {
        "user": 9,
        "message": "Transfer TF19 has been created successfully",
        "is_read": false,
        "created_date": "2023-08-17T05:33:38.204Z"
    }
},
{
    "model": "notifications.notification",
    "pk": 42,
    "fields": {
        "user": 9,
        "message": "Transfer TF20 has been created successfully",
        "is_read": false,
        "created_date": "2023-08-17T05:33:38.425Z"
    }
},
{
    "model": "notifications.notification",
    "pk": 43,
    "fields": {
        "user": 9,
        "message": "Order OC6 has been created successfully",
        "is_read": false,
        "created_date": "2023-08-17T05:33:42.582Z"
    }
},
{
    "model": "notifications.notification",
    "pk": 44,
    "fields": {
        "user": 9,
        "message": "Transfer TF21 has been created successfully",
        "is_read": false,
        "created_date": "2023-08-17T05:33:42.819Z"
    }
},
{
    "model": "notifications.notification",
    "pk": 45,
    "fields": {
        "user": 9,
        "message": "Transfer TF22 has been created successfully",
        "is_read": false,
        "created_date": "2023-08-17T05:33:42.916Z"
    }
},
{
    "model": "notifications.notification",
    "pk": 46,
    "fields": {
        "user": 9,
        "message": "Transfer TF23 has been created successfully",
        "is_read": false,
        "created_date": "2023-08-17T05:33:43.031Z"
    }
},
{
    "model": "notifications.notification",
    "pk": 47,
    "fields": {
        "user": 9,
        "message": "Order OC7 has been created successfully",
        "is_read": false,
        "created_date": "2023-08-17T05:33:45.948Z"
    }
},
{
    "model": "notifications.notification",
    "pk": 48,
    "fields": {
        "user": 9,
        "message": "Transfer TF24 has been created successfully",
        "is_read": false,
        "created_date": "2023-08-17T05:33:46.083Z"
    }
},
{
    "model": "notifications.notification",
    "pk": 49,
    "fields": {
        "user": 9,
        "message": "Transfer TF25 has been created successfully",
        "is_read": false,
        "created_date": "2023-08-17T05:33:46.204Z"
    }
},
{
    "model": "notifications.notification",
    "pk": 50,
    "fields": {
        "user": 9,
        "message": "Order OC8 has been created successfully",
        "is_read": false,
        "created_date": "2023-08-17T05:33:46.252Z"
    }
},
{
    "model": "notifications.notification",
    "pk": 51,
    "fields": {
        "user": 9,
        "message": "Transfer TF26 has been created successfully",
        "is_read": false,
        "created_date": "2023-08-17T05:33:46.449Z"
    }
},
{
    "model": "notifications.notification",
    "pk": 52,
    "fields": {
        "user": 9,
        "message": "Order OC9 has been created successfully",
        "is_read": false,
        "created_date": "2023-08-17T05:33:46.560Z"
    }
},
{
    "model": "notifications.notification",
    "pk": 53,
    "fields": {
        "user": 9,
        "message": "Transfer TF27 has been created successfully",
        "is_read": false,
        "created_date": "2023-08-17T05:33:46.573Z"
    }
},
{
    "model": "notifications.notification",
    "pk": 54,
    "fields": {
        "user": 9,
        "message": "Transfer TF28 has been created successfully",
        "is_read": false,
        "created_date": "2023-08-17T05:33:46.932Z"
    }
},
{
    "model": "notifications.notification",
    "pk": 55,
    "fields": {
        "user": 9,
        "message": "Transfer TF29 has been created successfully",
        "is_read": false,
        "created_date": "2023-08-17T05:33:47.035Z"
    }
},
{
    "model": "notifications.notification",
    "pk": 56,
    "fields": {
        "user": 9,
        "message": "Transfer TF30 has been created successfully",
        "is_read": false,
        "created_date": "2023-08-17T05:33:47.216Z"
    }
},
{
    "model": "notifications.notification",
    "pk": 57,
    "fields": {
        "user": 9,
        "message": "Transfer TF31 has been created successfully",
        "is_read": false,
        "created_date": "2023-08-17T05:33:47.220Z"
    }
},
{
    "model": "notifications.notification",
    "pk": 58,
    "fields": {
        "user": 9,
        "message": "Transfer TF32 has been created successfully",
        "is_read": false,
        "created_date": "2023-08-17T05:33:47.418Z"
    }
},
{
    "model": "notifications.notification",
    "pk": 59,
    "fields": {
        "user": 9,
        "message": "Order OC10 has been created successfully",
        "is_read": false,
        "created_date": "2023-08-17T05:34:09.098Z"
    }
},
{
    "model": "notifications.notification",
    "pk": 60,
    "fields": {
        "user": 9,
        "message": "Transfer TF33 has been created successfully",
        "is_read": false,
        "created_date": "2023-08-17T05:34:09.323Z"
    }
},
{
    "model": "notifications.notification",
    "pk": 61,
    "fields": {
        "user": 9,
        "message": "Transfer TF34 has been created successfully",
        "is_read": false,
        "created_date": "2023-08-17T05:34:09.573Z"
    }
},
{
    "model": "notifications.notification",
    "pk": 62,
    "fields": {
        "user": 9,
        "message": "Transfer TF35 has been created successfully",
        "is_read": false,
        "created_date": "2023-08-17T05:34:09.931Z"
    }
}
]
